﻿{
  "code": 0,
  "msg": "",
  "count": 41,
  "data": [
    {
      "title": "个性化",
      "pageURL": "/home/individuation",
      "name": "个性化",
      "icon": "fa-television",
      "openType": 2,
      "level": 1,
      "isNecessary": true,
      "parentId": 0,
      "order": 0,
      "extend": false,
      "childs": null,
      "id": 1
    },
    {
      "title": "打赏作者",
      "pageURL": "/home/reward",
      "name": "打赏作者",
      "icon": "fa-qrcode",
      "openType": 1,
      "level": 1,
      "isNecessary": true,
      "parentId": 0,
      "order": 1,
      "extend": false,
      "childs": null,
      "id": 3
    },
    {
      "title": "基本说明",
      "pageURL": "views/demo/introduce.html",
      "name": "基本说明",
      "icon": "fa-info-circle",
      "openType": 2,
      "level": 1,
      "isNecessary": true,
      "parentId": 0,
      "order": 2,
      "extend": false,
      "childs": null,
      "id": 4
    },
    {
      "title": "菜单设置",
      "pageURL": "views/menu/list_iframe.html",
      "name": "菜单设置",
      "icon": "fa-navicon",
      "openType": 2,
      "level": 2,
      "isNecessary": true,
      "parentId": 23,
      "order": 3,
      "extend": false,
      "childs": null,
      "id": 2
    },
    {
      "title": "操作员管理",
      "pageURL": "/operator/index",
      "name": "操作员管理",
      "icon": "fa-user",
      "openType": 2,
      "level": 2,
      "isNecessary": true,
      "parentId": 23,
      "order": 4,
      "extend": false,
      "childs": null,
      "id": 19
    },
    {
      "title": "角色管理",
      "pageURL": "/role/index",
      "name": "角色管理",
      "icon": "fa-th-large",
      "openType": 2,
      "level": 2,
      "isNecessary": true,
      "parentId": 23,
      "order": 5,
      "extend": false,
      "childs": null,
      "id": 22
    },
    {
      "title": "系统设置",
      "pageURL": null,
      "name": "系统设置",
      "icon": "fa-cog",
      "openType": 2,
      "level": 1,
      "isNecessary": true,
      "parentId": 0,
      "order": 98,
      "extend": false,
      "childs": null,
      "id": 23
    },
    {
      "title": "Font Awesome图标展示",
      "pageURL": null,
      "name": "Font Awesome图标展示",
      "icon": "fa-user",
      "openType": 2,
      "level": 1,
      "isNecessary": true,
      "parentId": 0,
      "order": 99,
      "extend": false,
      "childs": null,
      "id": 27
    },
    {
      "title": "图片",
      "pageURL": null,
      "name": "图片",
      "icon": "fa-photo",
      "openType": 2,
      "level": 0,
      "isNecessary": true,
      "parentId": 27,
      "order": 99,
      "extend": false,
      "childs": null,
      "id": 28
    },
    {
      "title": "书签",
      "pageURL": null,
      "name": "书签",
      "icon": "fa-bookmark",
      "openType": 2,
      "level": 0,
      "isNecessary": true,
      "parentId": 27,
      "order": 99,
      "extend": false,
      "childs": null,
      "id": 29
    }
  ]
}