﻿{
  "code": 0,
  "msg": "",
  "count": 2,
  "data": [
    {
      "roleName": "超级管理员",
      "description": "可查看所有菜单，可使用所有功能。",
      "dataState": 1,
      "lastOperTime": "2017-12-27 17:19:40",
      "id": 3
    },
    {
      "roleName": "游客",
      "description": "可查看所有菜单，可使用增加功能，不可使用修改和删除功能。可删除非系统菜单。",
      "dataState": 1,
      "lastOperTime": "2017-12-27 17:49:44",
      "id": 4
    }
  ]
}